<?xml version="1.0" encoding="UTF-8" ?>
<configuration scan="true" scanPeriod="3 seconds">
    <appender name="console" class="ch.qos.logback.core.ConsoleAppender">
        <layout>
            <pattern>
                %d{HH:mm:ss.SSS} [%thread] %-5level %logger{32} - %msg%n
            </pattern>
        </layout>
    </appender>

    <appender name="FILE" class="ch.qos.logback.core.rolling.RollingFileAppender">
        <file>./logs/access.log</file>
        <rollingPolicy class="ch.qos.logback.core.rolling.TimeBasedRollingPolicy">
            <fileNamePattern>./logs/access-%d{yyyy-MM-dd}.log</fileNamePattern>
            <maxHistory>30</maxHistory>
        </rollingPolicy>

        <encoder>
            <Pattern>%d{HH:mm} %-5level %logger{36} - %msg%n</Pattern>
        </encoder>
    </appender>

    <logger name="org.springframework" level="INFO" />
    <logger name="com.xconnect.eai" level="debug"/>    

    <root level="TRACE">
        <appender-ref ref="console"/>
        <appender-ref ref="FILE"/>        
    </root>
</configuration>